model,year,price,transmission,mileage,fuelType,tax,mpg,engineSize
GT86,2016,16000,Manual,24089,Petrol,265,36.2,2
GT86,2017,15995,Manual,18615,Petrol,145,36.2,2
GT86,2015,13998,Manual,27469,Petrol,265,36.2,2
GT86,2017,18998,Manual,14736,Petrol,150,36.2,2
GT86,2017,17498,Manual,36284,Petrol,145,36.2,2
GT86,2017,15998,Manual,26919,Petrol,260,36.2,2
GT86,2017,18522,Manual,10456,Petrol,145,36.2,2
GT86,2017,18995,Manual,12340,Petrol,145,36.2,2
GT86,2020,27998,Manual,516,Petrol,150,33.2,2
GT86,2016,13990,Manual,37999,Petrol,265,36.2,2
GT86,2013,10495,Manual,72000,Petrol,265,36.2,2
GT86,2017,17990,Manual,12597,Petrol,145,36.2,2
GT86,2017,16995,Manual,36100,Petrol,145,36.2,2
GT86,2019,23995,Manual,995,Petrol,145,33.2,2
GT86,2018,18498,Manual,35228,Petrol,145,36.2,2
GT86,2019,23980,Manual,1751,Petrol,145,33.2,2
GT86,2017,17995,Manual,16444,Petrol,265,36.2,2
GT86,2014,12998,Manual,25499,Petrol,260,36.2,2
GT86,2019,23495,Automatic,3934,Petrol,145,32.8,2
GT86,2019,25780,Manual,5123,Petrol,145,33.2,2
GT86,2020,26995,Semi-Auto,1500,Petrol,145,32.8,2
GT86,2019,23998,Semi-Auto,913,Petrol,145,32.8,2
GT86,2019,26995,Manual,2680,Petrol,150,33.2,2
GT86,2017,17000,Manual,14345,Petrol,150,36.2,2
GT86,2018,19995,Manual,15525,Petrol,150,36.2,2
GT86,2020,31000,Manual,3000,Petrol,145,33.2,2
GT86,2016,15995,Semi-Auto,19460,Petrol,200,39.8,2
GT86,2018,18490,Manual,31231,Petrol,150,36.2,2
GT86,2020,24990,Manual,339,Petrol,145,33.2,2
GT86,2015,13981,Manual,30500,Petrol,265,36.2,2
GT86,2015,13991,Manual,38126,Petrol,260,36.2,2
GT86,2019,27060,Automatic,3348,Petrol,145,32.8,2
GT86,2018,20695,Manual,5260,Petrol,145,36.2,2
GT86,2019,25999,Manual,100,Petrol,145,33.2,2
GT86,2013,11575,Manual,50584,Petrol,265,36.2,2
GT86,2017,20995,Manual,6445,Petrol,145,36.2,2
GT86,2014,14999,Manual,18389,Petrol,260,36.2,2
GT86,2019,27000,Semi-Auto,100,Petrol,145,32.8,2
GT86,2016,15000,Manual,28321,Petrol,265,36.2,2
GT86,2019,22200,Semi-Auto,16241,Petrol,145,32.8,2
GT86,2019,24990,Manual,3150,Petrol,145,33.2,2
GT86,2019,25995,Manual,8912,Petrol,145,33.2,2
GT86,2017,19500,Manual,9639,Petrol,260,36.2,2
GT86,2017,18250,Manual,20219,Petrol,145,36.2,2
GT86,2019,23995,Manual,1557,Petrol,150,33.2,2
GT86,2016,17500,Manual,14000,Petrol,260,36.2,2
GT86,2019,23997,Manual,4500,Petrol,145,33.2,2
GT86,2017,17102,Manual,21000,Petrol,260,36.2,2
GT86,2019,24995,Manual,2488,Petrol,145,33.2,2
GT86,2017,19995,Manual,26000,Petrol,145,36.2,2
GT86,2020,29769,Manual,999,Petrol,145,33.2,2
GT86,2019,25850,Manual,4442,Petrol,145,33.2,2
GT86,2014,13495,Manual,24667,Petrol,265,36.2,2
GT86,2017,18495,Semi-Auto,13930,Petrol,150,39.8,2
GT86,2020,25499,Manual,614,Petrol,145,33.2,2
GT86,2017,18621,Manual,18544,Petrol,150,36.2,2
GT86,2019,25121,Manual,7056,Petrol,145,33.2,2
GT86,2017,17500,Manual,11898,Petrol,145,36.2,2
GT86,2013,11599,Automatic,28335,Petrol,200,39.8,2
GT86,2017,17249,Manual,10089,Petrol,145,36.2,2
GT86,2020,25995,Manual,3250,Petrol,145,33.2,2
GT86,2014,13000,Manual,39761,Petrol,265,36.2,2
GT86,2017,17250,Manual,19420,Petrol,145,36.2,2
GT86,2019,27950,Manual,489,Petrol,145,33.2,2
GT86,2020,27995,Manual,1055,Petrol,145,33.2,2
GT86,2016,13999,Manual,19987,Petrol,260,36.2,2
GT86,2012,9995,Automatic,74599,Petrol,200,39.8,2
GT86,2015,10499,Automatic,81206,Petrol,200,39.8,2
GT86,2012,11995,Manual,53000,Petrol,250,36.2,2
GT86,2015,13495,Manual,49000,Petrol,265,36.2,2
GT86,2019,24990,Automatic,4000,Petrol,145,32.8,2
GT86,2017,19500,Manual,6725,Petrol,145,36.2,2
GT86,2020,28000,Manual,650,Petrol,145,33.2,2
Corolla,2019,22500,Automatic,8006,Other,140,85.6,1.8
Corolla,2005,1300,Manual,129000,Petrol,260,36.7,1.8
Corolla,2019,20250,Automatic,7445,Hybrid,140,85.6,1.8
Corolla,2020,26980,Automatic,5000,Hybrid,135,72.4,2
Corolla,2019,21995,Automatic,8789,Hybrid,135,85.6,1.8
Corolla,2019,18995,Manual,2193,Petrol,145,39.2,1.2
Corolla,2019,22498,Automatic,9798,Hybrid,135,78.5,1.8
Corolla,2019,20998,Automatic,8442,Hybrid,135,85.6,1.8
Corolla,2019,27990,Automatic,3650,Hybrid,135,72.4,2
Corolla,2019,22520,Automatic,7666,Hybrid,135,85.6,1.8
Corolla,2019,17440,Manual,6346,Petrol,145,39.2,1.2
Corolla,2019,22990,Automatic,9000,Hybrid,135,78.5,1.8
Corolla,2019,25570,Automatic,3196,Hybrid,135,72.4,2
Corolla,2019,19998,Automatic,1992,Hybrid,135,85.6,1.8
Corolla,2019,23990,Automatic,9500,Hybrid,135,78.5,1.8
Corolla,2019,19995,Automatic,12158,Hybrid,135,85.6,1.8
Corolla,2019,24995,Automatic,5500,Hybrid,135,72.4,2
Corolla,2019,24995,Automatic,1350,Hybrid,135,72.4,2
Corolla,2019,23440,Automatic,5000,Hybrid,135,78.5,1.8
Corolla,2019,21990,Automatic,9278,Hybrid,135,85.6,1.8
Corolla,2019,20990,Automatic,5000,Hybrid,135,85.6,1.8
Corolla,2019,19990,Automatic,10500,Hybrid,135,85.6,1.8
Corolla,2019,21995,Automatic,9100,Hybrid,135,58.9,1.8
Corolla,2019,22070,Automatic,9304,Hybrid,135,78.5,1.8
Corolla,2019,22490,Automatic,9500,Hybrid,135,85.6,1.8
Corolla,2019,15990,Manual,3500,Petrol,145,39.2,1.2
Corolla,2019,21998,Automatic,9023,Hybrid,135,72.4,2
Corolla,2019,22075,Automatic,9684,Hybrid,135,85.6,1.8
Corolla,2020,28990,Automatic,2000,Hybrid,140,53.3,2
Corolla,2019,16995,Manual,6503,Petrol,145,39.2,1.2
Corolla,2019,18498,Manual,5087,Petrol,145,39.2,1.2
Corolla,2019,25995,Automatic,1751,Hybrid,135,72.4,2
Corolla,2019,24998,Automatic,6195,Hybrid,140,72.4,2
Corolla,2019,23500,Automatic,4720,Hybrid,135,78.5,1.8
Corolla,2019,21750,Automatic,2839,Hybrid,135,85.6,1.8
Corolla,2019,21000,Automatic,11408,Hybrid,135,85.6,1.8
Corolla,2019,23000,Automatic,6788,Hybrid,135,85.6,1.8
Corolla,2019,25000,Automatic,2430,Hybrid,140,78.5,1.8
Corolla,2019,23000,Automatic,3579,Hybrid,135,72.4,2
Corolla,2019,24000,Automatic,6415,Hybrid,135,72.4,2
Corolla,2019,22500,Automatic,9493,Hybrid,135,78.5,1.8
Corolla,2019,22790,Automatic,5830,Hybrid,135,72.4,2
Corolla,2019,22790,Automatic,9781,Hybrid,135,72.4,2
Corolla,2019,21490,Automatic,8950,Hybrid,135,72.4,2
Corolla,2019,17250,Manual,12000,Petrol,145,39.2,1.2
Corolla,2019,15998,Manual,7016,Petrol,145,39.2,1.2
Corolla,2019,20498,Automatic,13872,Hybrid,140,72.4,2
Corolla,2019,15990,Manual,2336,Petrol,145,39.2,1.2
Corolla,2019,20488,Automatic,3892,Hybrid,140,58.9,1.8
Corolla,2019,20288,Manual,4886,Petrol,150,39.2,1.2
Corolla,2019,17995,Manual,9770,Petrol,145,39.2,1.2
Corolla,2019,16490,Manual,8599,Petrol,145,39.2,1.2
Corolla,2019,15990,Manual,5346,Petrol,145,39.2,1.2
Corolla,2019,18290,Manual,3250,Petrol,145,39.2,1.2
Corolla,2019,19998,Manual,4290,Petrol,150,39.2,1.2
Corolla,2019,23888,Automatic,3497,Hybrid,140,72.4,2
Corolla,2019,15990,Manual,6449,Petrol,145,39.2,1.2
Corolla,2020,27495,Automatic,998,Hybrid,135,53.3,2
Corolla,2019,23448,Automatic,3988,Hybrid,135,72.4,2
Corolla,2019,22990,Automatic,5268,Hybrid,135,72.4,2
Corolla,2019,18295,Manual,1110,Petrol,145,39.2,1.2
Corolla,2019,18995,Manual,1436,Petrol,145,39.2,1.2
Corolla,2019,21490,Automatic,9296,Hybrid,135,58.9,1.8
Corolla,2019,22790,Automatic,8322,Hybrid,135,72.4,2
Corolla,2019,17490,Manual,9000,Petrol,145,39.2,1.2
Corolla,2019,24388,Automatic,8000,Hybrid,135,72.4,2
Corolla,2020,25988,Automatic,10000,Hybrid,135,53.3,2
Corolla,2019,16490,Manual,8328,Petrol,145,39.2,1.2
Corolla,2019,21790,Automatic,10836,Hybrid,135,78.5,1.8
Corolla,2019,16490,Manual,4890,Petrol,145,39.2,1.2
Corolla,2019,24790,Automatic,5651,Hybrid,140,72.4,2
Corolla,2019,21490,Automatic,9735,Hybrid,135,78.5,1.8
Corolla,2019,18495,Manual,8514,Petrol,145,39.2,1.2
Corolla,2019,18495,Manual,4774,Petrol,145,39.2,1.2
Corolla,2019,24995,Automatic,7500,Hybrid,140,58.9,1.8
Corolla,2019,16995,Manual,3000,Petrol,145,39.2,1.2
Corolla,2019,22790,Automatic,12501,Hybrid,135,72.4,2
Corolla,2020,25990,Automatic,6124,Hybrid,135,53.3,2
Corolla,2019,21490,Automatic,10124,Hybrid,135,85.6,1.8
Corolla,2019,21490,Automatic,9107,Hybrid,135,72.4,2
Corolla,2019,23698,Automatic,2535,Hybrid,135,72.4,2
Corolla,2020,22990,Automatic,2797,Hybrid,135,62.8,1.8
Corolla,2020,26490,Automatic,1879,Hybrid,135,53.3,2
Corolla,2020,25490,Automatic,1697,Hybrid,135,56.5,1.8
Corolla,2019,22990,Automatic,13410,Hybrid,135,72.4,2
Corolla,2019,19990,Manual,4332,Petrol,150,39.2,1.2
Corolla,2019,20990,Manual,8503,Petrol,150,39.2,1.2
Corolla,2019,17890,Manual,3695,Petrol,150,39.2,1.2
Corolla,2019,18995,Manual,2579,Petrol,145,39.2,1.2
Corolla,2019,17990,Manual,6057,Petrol,145,39.2,1.2
Corolla,2019,18690,Manual,2907,Petrol,145,39.2,1.2
Corolla,2019,16990,Manual,7134,Petrol,145,39.2,1.2
Corolla,2019,16990,Manual,25,Petrol,145,39.2,1.2
Corolla,2019,22727,Automatic,4451,Hybrid,135,72.4,2
Corolla,2019,20995,Automatic,5668,Hybrid,135,72.4,2
Corolla,2019,20995,Automatic,5250,Hybrid,135,85.6,1.8
Corolla,2019,22290,Automatic,4633,Hybrid,140,78.5,1.8
Corolla,2019,16490,Manual,9625,Petrol,145,39.2,1.2
Corolla,2019,19790,Automatic,5804,Hybrid,135,85.6,1.8
Corolla,2019,15790,Manual,10000,Petrol,145,39.2,1.2
Corolla,2019,17480,Manual,9999,Petrol,145,39.2,1.2
Corolla,2020,24980,Automatic,5000,Hybrid,135,57.7,1.8
Corolla,2019,18990,Manual,3860,Petrol,145,39.2,1.2
Corolla,2019,21495,Automatic,9004,Hybrid,135,85.6,1.8
Corolla,2019,17960,Manual,4500,Petrol,145,39.2,1.2
Corolla,2019,17960,Manual,4500,Petrol,145,39.2,1.2
Corolla,2019,23995,Automatic,5784,Hybrid,135,72.4,2
Corolla,2019,17995,Manual,6551,Petrol,145,39.2,1.2
Corolla,2019,24795,Automatic,6770,Hybrid,135,72.4,2
Corolla,2019,18995,Manual,500,Petrol,145,39.2,1.2
Corolla,2019,19995,Manual,500,Petrol,145,39.2,1.2
Corolla,2019,22595,Automatic,10500,Hybrid,135,72.4,2
Corolla,2019,25595,Automatic,1215,Hybrid,135,78.5,1.8
Corolla,2019,23445,Automatic,5558,Hybrid,135,78.5,1.8
Corolla,2019,23395,Automatic,6125,Hybrid,135,78.5,1.8
Corolla,2019,23445,Automatic,2620,Hybrid,135,78.5,1.8
Corolla,2019,24998,Automatic,2474,Hybrid,140,72.4,2
Corolla,2019,23498,Automatic,6513,Hybrid,140,78.5,1.8
Corolla,2019,23995,Automatic,6989,Hybrid,135,72.4,2
Corolla,2019,22995,Automatic,11000,Hybrid,140,72.4,2
Corolla,2019,22995,Automatic,3754,Hybrid,135,78.5,1.8
Corolla,2020,28815,Automatic,987,Hybrid,140,53.3,2
Corolla,2019,19995,Automatic,11293,Hybrid,135,85.6,1.8
Corolla,2019,19995,Automatic,5674,Hybrid,140,85.6,1.8
Corolla,2019,23995,Automatic,9250,Hybrid,135,72.4,2
Corolla,2019,23495,Manual,5600,Petrol,145,39.2,1.2
Corolla,2020,27995,Automatic,2500,Hybrid,135,53.3,2
Corolla,2019,21000,Automatic,11449,Hybrid,140,78.5,1.8
Corolla,2020,28000,Automatic,10,Hybrid,140,56.5,1.8
Corolla,2019,17999,Manual,3510,Petrol,145,39.2,1.2
Corolla,2019,20497,Automatic,4412,Hybrid,135,78.5,1.8
Corolla,2019,23500,Automatic,10016,Hybrid,135,78.5,1.8
Corolla,2019,21665,Automatic,11051,Hybrid,135,85.6,1.8
Corolla,2019,21280,Manual,5102,Petrol,145,39.2,1.2
Corolla,2019,24960,Automatic,2535,Hybrid,135,72.4,2
Corolla,2019,19540,Manual,8970,Petrol,145,39.2,1.2
Corolla,2019,20110,Automatic,5922,Hybrid,135,85.6,1.8
Corolla,2019,23060,Automatic,15631,Hybrid,135,72.4,2
Corolla,2020,26991,Automatic,3636,Hybrid,140,53.3,2
Corolla,2019,22900,Automatic,5910,Hybrid,135,85.6,1.8
Corolla,2019,24025,Automatic,8812,Hybrid,135,78.5,1.8
Corolla,2019,26495,Automatic,1000,Hybrid,135,72.4,2
Corolla,2019,27795,Automatic,1000,Hybrid,135,72.4,2
Corolla,2019,22999,Automatic,4113,Hybrid,135,85.6,1.8
Corolla,2019,21999,Automatic,8171,Hybrid,135,78.5,1.8
Corolla,2019,19990,Manual,3422,Petrol,145,39.2,1.2
Corolla,2019,19900,Manual,6522,Petrol,145,39.2,1.2
Corolla,2019,22000,Automatic,11478,Hybrid,135,78.5,1.8
Corolla,2019,19290,Manual,10011,Petrol,150,39.2,1.2
Corolla,2019,19995,Manual,7777,Petrol,145,39.2,1.2
Corolla,2019,23888,Automatic,14417,Hybrid,140,72.4,2
Corolla,2019,22495,Automatic,2034,Hybrid,140,78.5,1.8
Corolla,2020,28495,Automatic,2141,Hybrid,140,56.5,1.8
Corolla,2019,25195,Automatic,3998,Hybrid,135,72.4,2
Corolla,2019,21495,Automatic,10420,Hybrid,140,85.6,1.8
Corolla,2019,21790,Automatic,10120,Hybrid,140,78.5,1.8
Corolla,2020,24995,Automatic,3989,Hybrid,135,57.7,1.8
Corolla,2020,22995,Automatic,636,Hybrid,135,62.8,1.8
Corolla,2019,26995,Automatic,3000,Hybrid,140,72.4,2
Corolla,2019,21995,Automatic,9333,Hybrid,135,78.5,1.8
Corolla,2019,17495,Manual,999,Petrol,145,39.2,1.2
Corolla,2019,22050,Automatic,12000,Hybrid,135,72.4,2
Corolla,2020,28795,Automatic,1544,Hybrid,135,53.3,2
Corolla,2020,20692,Manual,7345,Petrol,145,39.2,1.2
Corolla,2019,21495,Automatic,20657,Hybrid,140,85.6,1.8
Corolla,2019,22514,Automatic,8309,Hybrid,135,78.5,1.8
Corolla,2020,29450,Automatic,943,Hybrid,135,53.3,2
Corolla,2020,26950,Automatic,3168,Hybrid,135,53.3,2
Corolla,2020,24995,Automatic,2136,Hybrid,135,56.5,1.8
Corolla,2019,23000,Automatic,6158,Hybrid,140,72.4,2
Corolla,2019,20689,Automatic,7963,Hybrid,135,85.6,1.8
Corolla,2019,19219,Manual,384,Petrol,145,39.2,1.2
Corolla,2019,21991,Automatic,5000,Hybrid,135,78.5,1.8
Corolla,2019,22980,Automatic,3459,Hybrid,135,72.4,2
Corolla,2019,15291,Manual,7317,Petrol,145,39.2,1.2
Corolla,2019,22780,Automatic,9980,Hybrid,135,72.4,2
Corolla,2020,19495,Manual,4568,Petrol,150,39.2,1.2
Corolla,2019,18991,Automatic,7000,Hybrid,135,85.6,1.8
Corolla,2019,19291,Automatic,13998,Hybrid,135,85.6,1.8
Corolla,2019,23505,Automatic,9264,Hybrid,135,78.5,1.8
Corolla,2019,17865,Manual,17197,Petrol,145,39.2,1.2
Corolla,2019,20499,Automatic,4942,Hybrid,135,85.6,1.8
Corolla,2020,27893,Automatic,3390,Hybrid,135,72.4,2
Corolla,2019,22226,Automatic,9264,Hybrid,135,78.5,1.8
Corolla,2019,16821,Manual,6329,Petrol,145,39.2,1.2
Corolla,2020,25998,Automatic,5000,Hybrid,140,53.3,2
Corolla,2003,1495,Manual,89000,Petrol,235,39.2,1.6
Corolla,2019,20995,Automatic,6834,Hybrid,135,72.4,2
Corolla,2019,17989,Manual,151,Petrol,145,39.2,1.2
Corolla,2019,26999,Automatic,6500,Hybrid,140,72.4,2
Corolla,2004,1250,Manual,111000,Petrol,260,37.2,1.8
Corolla,2019,16495,Manual,5517,Petrol,145,39.2,1.2
Corolla,2019,17995,Manual,3792,Petrol,145,39.2,1.2
Corolla,2019,16495,Manual,5139,Petrol,145,39.2,1.2
Corolla,2019,23995,Automatic,42,Hybrid,135,57.7,1.8
Corolla,2020,25995,Automatic,100,Hybrid,135,53.3,2
Corolla,2019,22250,Automatic,10932,Hybrid,135,78.5,1.8
Corolla,2019,19995,Automatic,14198,Hybrid,135,85.6,1.8
Corolla,2019,22485,Automatic,9111,Hybrid,140,78.5,1.8
Corolla,2019,20985,Automatic,5372,Hybrid,135,85.6,1.8
Corolla,2019,21999,Automatic,17095,Hybrid,140,72.4,2
Corolla,2019,17999,Manual,20,Petrol,145,39.2,1.2
Corolla,2019,17499,Manual,20,Petrol,145,39.2,1.2
Corolla,2019,16299,Manual,18020,Petrol,145,39.2,1.2
Corolla,2019,21450,Automatic,9244,Hybrid,140,85.6,1.8
Corolla,2019,20499,Automatic,10436,Hybrid,135,78.5,1.8
Corolla,2019,16491,Manual,15,Petrol,145,39.2,1.2
Corolla,2019,21450,Automatic,7899,Hybrid,135,85.6,1.8
Corolla,2019,21450,Automatic,8908,Hybrid,135,78.5,1.8
Corolla,2003,2195,Automatic,102000,Petrol,300,34.5,1.8
Corolla,2019,21995,Automatic,4800,Hybrid,135,85.6,1.8
Corolla,2019,22691,Automatic,3698,Hybrid,135,72.4,2
Corolla,2019,15991,Manual,10,Petrol,145,39.2,1.2
Corolla,2019,15991,Manual,10,Petrol,145,39.2,1.2
Corolla,2019,23490,Automatic,8239,Hybrid,135,78.5,1.8
Corolla,2019,25495,Automatic,9317,Hybrid,135,85.6,1.8
Corolla,2001,899,Automatic,76000,Petrol,300,35.3,1.6
Corolla,2019,17790,Manual,15,Petrol,145,39.2,1.2
Corolla,2019,17990,Manual,10,Petrol,145,39.2,1.2
Corolla,2019,16990,Manual,10,Petrol,145,39.2,1.2
Corolla,2008,4295,Manual,76300,Petrol,260,36.7,1.8
Corolla,2019,19795,Automatic,7841,Hybrid,135,78.5,1.8
Corolla,2019,23395,Automatic,10513,Hybrid,140,85.6,1.8
Corolla,2019,18700,Manual,6597,Petrol,145,39.2,1.2
Corolla,2019,22700,Automatic,6289,Hybrid,135,78.5,1.8
Corolla,2019,16790,Manual,97,Petrol,145,39.2,1.2
Corolla,2019,23700,Automatic,3628,Hybrid,135,72.4,2
Corolla,2020,26700,Automatic,3675,Hybrid,135,53.3,2
Corolla,2019,23650,Automatic,8087,Hybrid,135,72.4,2
Corolla,2019,21990,Automatic,12000,Hybrid,135,78.5,1.8
Corolla,2020,19790,Manual,3000,Petrol,145,39.2,1.2
Corolla,2019,20450,Automatic,8000,Hybrid,135,85.6,1.8
Corolla,2019,16200,Manual,3837,Petrol,145,39.2,1.2
Corolla,2019,21491,Automatic,3993,Hybrid,135,85.6,1.8
Corolla,2020,25990,Automatic,1112,Other,135,53.3,2
Corolla,2019,21850,Automatic,9300,Hybrid,135,58.9,1.8
Corolla,2020,23550,Automatic,3000,Hybrid,135,58.9,1.8
Corolla,2019,21991,Automatic,13000,Hybrid,135,78.5,1.8
Corolla,2019,22850,Automatic,9000,Hybrid,135,78.5,1.8
Corolla,2019,19990,Automatic,9968,Hybrid,135,85.6,1.8
Corolla,2019,19990,Automatic,10175,Hybrid,135,85.6,1.8
Corolla,2019,25650,Automatic,4000,Hybrid,135,72.4,2
Corolla,2019,21350,Automatic,15481,Hybrid,135,78.5,1.8
Corolla,2019,22990,Automatic,7000,Hybrid,135,78.5,1.8
Corolla,2019,22990,Automatic,6000,Hybrid,135,78.5,1.8
Corolla,2019,23650,Automatic,7000,Hybrid,135,85.6,1.8
Corolla,2019,21990,Automatic,10055,Hybrid,135,78.5,1.8
Corolla,2020,18990,Manual,3000,Petrol,145,39.2,1.2
Corolla,2019,21500,Automatic,6610,Hybrid,135,85.6,1.8
Corolla,2019,21690,Automatic,9823,Hybrid,135,78.5,1.8
Corolla,2019,22750,Automatic,9000,Hybrid,135,72.4,2
Corolla,2019,22250,Automatic,8563,Hybrid,135,78.5,1.8
Corolla,2019,24495,Automatic,2165,Hybrid,135,72.4,2
Corolla,2019,24295,Automatic,6568,Hybrid,135,72.4,2
Corolla,2019,22000,Automatic,7575,Hybrid,135,78.5,1.8
Corolla,2019,16500,Manual,6170,Petrol,145,39.2,1.2
Corolla,2019,23500,Automatic,6033,Hybrid,135,78.5,1.8
Corolla,2007,2795,Manual,71248,Petrol,260,36.7,1.8
Corolla,2005,2495,Manual,88150,Diesel,125,58.9,1.4
Corolla,2005,3495,Manual,77500,Petrol,235,40.4,1.6
Corolla,2004,2095,Manual,96000,Petrol,260,36.7,1.8
Corolla,2019,23250,Automatic,3568,Hybrid,140,72.4,2
Corolla,2019,21494,Automatic,7792,Hybrid,135,78.5,1.8
Corolla,2019,21249,Automatic,10353,Hybrid,135,85.6,1.8
Corolla,2019,21250,Automatic,7125,Hybrid,135,85.6,1.8
Corolla,2019,21995,Automatic,8661,Hybrid,135,78.5,1.8
Corolla,2019,22995,Automatic,4319,Hybrid,140,85.6,1.8
RAV4,2019,30500,Automatic,13326,Other,140,51.1,2.5
RAV4,2017,20000,Automatic,30379,Hybrid,20,57.6,2.5
RAV4,2017,16500,Manual,25271,Diesel,125,60.1,2
RAV4,2016,15995,Manual,11291,Diesel,125,60.1,2
RAV4,2015,13500,Manual,45757,Diesel,125,57.6,2
RAV4,2017,22480,Automatic,25170,Hybrid,135,55.4,2.5
RAV4,2015,13698,Automatic,43830,Diesel,260,42.2,2.2
RAV4,2016,17998,Automatic,58377,Hybrid,20,55.4,2.5
RAV4,2016,14998,Manual,40054,Diesel,125,60.1,2
RAV4,2013,10998,Automatic,45322,Diesel,260,42.2,2.2
RAV4,2016,13498,Manual,32061,Diesel,125,60.1,2
RAV4,2017,17500,Automatic,26528,Petrol,145,43.5,2
RAV4,2017,16498,Automatic,37539,Petrol,200,43.5,2
RAV4,2014,9698,Manual,80049,Diesel,145,53,2
RAV4,2016,14817,Manual,35286,Diesel,125,60.1,2
RAV4,2019,29399,Automatic,9650,Hybrid,135,51.1,2.5
RAV4,2019,32995,Automatic,7017,Hybrid,135,49.6,2.5
RAV4,2016,19995,Automatic,40827,Hybrid,20,55.4,2.5
RAV4,2016,20495,Automatic,18000,Hybrid,20,57.6,2.5
RAV4,2016,21495,Automatic,29489,Hybrid,20,55.4,2.5
RAV4,2019,29995,Automatic,20124,Hybrid,140,51.1,2.5
RAV4,2016,20495,Automatic,41060,Hybrid,20,55.4,2.5
RAV4,2017,20795,Automatic,25000,Hybrid,20,57.6,2.5
RAV4,2015,11995,Manual,49150,Diesel,125,57.6,2
RAV4,2016,13995,Manual,71046,Diesel,125,60.1,2
RAV4,2014,12995,Manual,69401,Diesel,125,57.6,2
RAV4,2016,14495,Manual,49097,Diesel,125,60.1,2
RAV4,2016,14695,Manual,39591,Diesel,125,60.1,2
RAV4,2019,29498,Automatic,9727,Hybrid,135,49.6,2.5
RAV4,2019,31498,Automatic,9258,Hybrid,135,49.6,2.5
RAV4,2014,11498,Automatic,47545,Diesel,260,42.2,2.2
RAV4,2014,10998,Manual,50709,Diesel,150,53,2
RAV4,2017,20498,Automatic,10957,Petrol,150,43.5,2
RAV4,2013,10498,Manual,54057,Diesel,160,49.6,2.2
RAV4,2015,9998,Manual,60998,Diesel,125,57.6,2
RAV4,2015,12998,Manual,41486,Diesel,145,53,2
RAV4,2017,13998,Manual,48713,Diesel,125,60.1,2
RAV4,2017,14698,Manual,50039,Diesel,145,60.1,2
RAV4,2019,28998,Automatic,10910,Hybrid,135,51.1,2.5
RAV4,2018,19698,Automatic,21893,Petrol,145,43.5,2
RAV4,2015,15298,Semi-Auto,21232,Petrol,235,39.2,2
RAV4,2019,37440,Automatic,2764,Hybrid,135,51.1,2.5
RAV4,2016,20990,Automatic,18880,Hybrid,20,57.6,2.5
RAV4,2017,19998,Automatic,10028,Petrol,145,43.5,2
RAV4,2017,20990,Automatic,29515,Hybrid,20,57.6,2.5
RAV4,2016,23990,Automatic,25614,Hybrid,20,55.4,2.5
RAV4,2016,23990,Automatic,20101,Hybrid,20,55.4,2.5
RAV4,2016,13495,Manual,30124,Diesel,125,60.1,2
RAV4,2017,15995,Manual,59205,Diesel,125,60.1,2
RAV4,2016,17495,Automatic,58100,Hybrid,20,55.4,2.5
RAV4,2014,12998,Automatic,41389,Diesel,260,42.2,2.2
RAV4,2016,13998,Manual,36030,Diesel,125,60.1,2
RAV4,2017,14998,Manual,32087,Diesel,145,60.1,2
RAV4,2016,19498,Automatic,19618,Hybrid,20,57.6,2.5
RAV4,2019,34990,Automatic,5000,Hybrid,135,49.6,2.5
RAV4,2015,9998,Manual,81503,Diesel,125,57.6,2
RAV4,2017,16295,Manual,34633,Diesel,125,60.1,2
RAV4,2016,17495,Automatic,58100,Hybrid,20,55.4,2.5
RAV4,2017,16295,Manual,34633,Diesel,125,60.1,2
RAV4,2015,13495,Manual,28308,Diesel,150,53,2
RAV4,2016,15200,Manual,27232,Diesel,125,60.1,2
RAV4,2017,24070,Automatic,14766,Hybrid,135,55.4,2.5
RAV4,2016,19970,Automatic,35445,Hybrid,20,57.6,2.5
RAV4,2019,29570,Automatic,7823,Hybrid,135,51.1,2.5
RAV4,2017,14498,Manual,41201,Diesel,145,60.1,2
RAV4,2016,17995,Automatic,49254,Hybrid,20,55.4,2.5
RAV4,2019,27570,Automatic,15581,Hybrid,135,52.3,2.5
RAV4,2019,34990,Automatic,5660,Hybrid,140,49.6,2.5
RAV4,2015,14490,Automatic,59454,Diesel,265,42.2,2.2
RAV4,2017,14495,Manual,37893,Diesel,125,60.1,2
RAV4,2017,23070,Automatic,23605,Hybrid,20,55.4,2.5
RAV4,2019,29995,Automatic,9709,Hybrid,135,49.6,2.5
RAV4,2014,9798,Manual,77512,Diesel,145,53,2
RAV4,2016,14498,Manual,23485,Diesel,125,60.1,2
RAV4,2016,14998,Manual,28083,Diesel,125,60.1,2
RAV4,2014,11998,Semi-Auto,51258,Petrol,235,39.2,2
RAV4,2014,10995,Manual,59627,Diesel,125,57.6,2
RAV4,2019,27293,Automatic,19814,Hybrid,135,49.6,2.5
RAV4,2017,19988,Automatic,31057,Hybrid,135,57.6,2.5
RAV4,2014,9998,Manual,78650,Diesel,160,49.6,2.2
RAV4,2017,21971,Automatic,37258,Hybrid,20,55.4,2.5
RAV4,2016,19452,Automatic,27176,Hybrid,20,57.6,2.5
RAV4,2017,20667,Automatic,25000,Hybrid,20,57.6,2.5
RAV4,2013,10990,Automatic,45000,Diesel,260,42.2,2.2
RAV4,2017,18495,Automatic,40101,Hybrid,20,57.6,2.5
RAV4,2016,13995,Manual,38338,Diesel,125,60.1,2
RAV4,2019,31995,Automatic,11970,Hybrid,140,49.6,2.5
RAV4,2019,31995,Automatic,11728,Hybrid,140,49.6,2.5
RAV4,2017,19990,Automatic,29802,Hybrid,135,55.4,2.5
RAV4,2016,14295,Manual,31887,Diesel,125,60.1,2
RAV4,2017,22795,Automatic,20216,Hybrid,20,55.4,2.5
RAV4,2016,18500,Automatic,46035,Hybrid,20,55.4,2.5
RAV4,2015,11495,Manual,44652,Diesel,150,53,2
RAV4,2014,10999,Manual,57942,Diesel,145,53,2
RAV4,2017,21998,Automatic,13285,Hybrid,135,57.6,2.5
RAV4,2016,17250,Automatic,60602,Hybrid,20,55.4,2.5
RAV4,2016,18695,Automatic,46035,Hybrid,20,55.4,2.5
RAV4,2017,13998,Manual,32815,Diesel,125,60.1,2
RAV4,2014,9780,Manual,88870,Diesel,125,57.6,2
RAV4,2016,18998,Automatic,30117,Hybrid,20,57.6,2.5
RAV4,2015,10995,Manual,63000,Diesel,165,49.6,2.2
RAV4,2017,22995,Automatic,28486,Hybrid,20,55.4,2.5
RAV4,2016,19490,Automatic,30000,Hybrid,20,57.6,2.5
RAV4,2015,12480,Automatic,45848,Diesel,265,42.2,2.2
RAV4,2017,21000,Automatic,27999,Hybrid,135,57.6,2.5
RAV4,2016,21000,Automatic,31059,Hybrid,20,55.4,2.5
RAV4,2014,10999,Manual,57942,Diesel,145,53,2
RAV4,2017,22000,Automatic,19511,Hybrid,20,55.4,2.5
RAV4,2016,12498,Manual,49814,Diesel,125,60.1,2
RAV4,2018,25500,Automatic,18861,Hybrid,135,55.4,2.5
RAV4,2017,19998,Automatic,41351,Hybrid,20,55.4,2.5
RAV4,2013,9990,Manual,59934,Diesel,165,49.6,2.2
RAV4,2017,16675,Manual,22565,Diesel,125,60.1,2
RAV4,2019,29000,Automatic,10853,Hybrid,135,51.1,2.5
RAV4,2016,13000,Manual,56437,Diesel,125,60.1,2
RAV4,2016,23000,Automatic,15364,Hybrid,20,55.4,2.5
RAV4,2013,9945,Manual,62541,Diesel,165,49.6,2.2
RAV4,2019,33880,Automatic,7576,Hybrid,140,49.6,2.5
RAV4,2017,21480,Automatic,39833,Hybrid,20,55.4,2.5
RAV4,2015,13500,Manual,45757,Diesel,125,57.6,2
RAV4,2015,13500,Manual,45757,Diesel,125,57.6,2
RAV4,2019,27790,Automatic,16360,Hybrid,135,51.1,2.5
RAV4,2016,17795,Automatic,37852,Hybrid,20,57.6,2.5
RAV4,2016,21298,Automatic,4671,Hybrid,20,57.6,2.5
RAV4,2016,19287,Automatic,49962,Hybrid,20,55.4,2.5
RAV4,2013,9250,Manual,70964,Diesel,165,49.6,2.2
RAV4,2014,11000,Manual,52561,Diesel,125,57.6,2
RAV4,2015,13200,Manual,10763,Diesel,125,57.6,2
RAV4,2019,29980,Automatic,6691,Hybrid,135,49.6,2.5
RAV4,2016,19995,Automatic,24757,Hybrid,20,57.6,2.5
RAV4,2016,18995,Automatic,43546,Hybrid,20,55.4,2.5
RAV4,2017,19480,Automatic,10985,Petrol,200,43.5,2
RAV4,2016,18498,Automatic,31522,Hybrid,20,57.6,2.5
RAV4,2017,18490,Automatic,30305,Petrol,145,43.5,2
RAV4,2016,19490,Automatic,32311,Hybrid,20,57.6,2.5
RAV4,2017,22995,Automatic,25889,Hybrid,20,55.4,2.5
RAV4,2017,18995,Automatic,39000,Hybrid,140,57.6,2.5
RAV4,2017,18490,Automatic,30724,Petrol,205,43.5,2
RAV4,2014,10490,Manual,67712,Diesel,150,53,2
RAV4,2016,16980,Automatic,24560,Petrol,205,43.5,2
RAV4,2014,10995,Manual,49429,Diesel,150,53,2
RAV4,2016,21495,Automatic,13586,Hybrid,20,57.6,2.5
RAV4,2019,33595,Automatic,8000,Hybrid,140,49.6,2.5
RAV4,2016,14995,Manual,27762,Diesel,125,60.1,2
RAV4,2016,21995,Automatic,16000,Hybrid,20,55.4,2.5
RAV4,2016,14295,Manual,22262,Diesel,125,60.1,2
RAV4,2017,17390,Automatic,28546,Petrol,205,43.5,2
RAV4,2016,16980,Manual,19570,Diesel,125,60.1,2
RAV4,2017,12998,Manual,57423,Diesel,150,60.1,2
RAV4,2017,20290,Automatic,27498,Hybrid,140,57.6,2.5
RAV4,2017,20690,Automatic,48265,Hybrid,20,55.4,2.5
RAV4,2016,13290,Manual,38655,Diesel,125,60.1,2
RAV4,2017,19000,Automatic,16000,Petrol,200,43.5,2
RAV4,2017,20498,Automatic,20829,Hybrid,135,57.6,2.5
RAV4,2016,19490,Automatic,11544,Hybrid,20,57.6,2.5
RAV4,2016,21990,Automatic,39039,Hybrid,20,55.4,2.5
RAV4,2020,31790,Automatic,1652,Hybrid,135,49.6,2.5
RAV4,2016,15990,Manual,20553,Diesel,125,60.1,2
RAV4,2016,20790,Automatic,32132,Hybrid,20,55.4,2.5
RAV4,2017,19995,Automatic,30489,Hybrid,140,57.6,2.5
RAV4,2015,13690,Automatic,50417,Diesel,265,42.2,2.2
RAV4,2017,21990,Automatic,14562,Hybrid,20,57.6,2.5
RAV4,2016,18490,Automatic,40049,Hybrid,20,57.6,2.5
RAV4,2013,11995,Manual,29445,Diesel,160,49.6,2.2
RAV4,2018,22995,Automatic,13833,Petrol,145,43.5,2
RAV4,2016,18995,Automatic,31492,Hybrid,20,57.6,2.5
RAV4,2016,18710,Automatic,37971,Hybrid,20,57.6,2.5
RAV4,2017,18798,Automatic,37386,Hybrid,20,57.6,2.5
RAV4,2017,20995,Automatic,25601,Hybrid,20,57.6,2.5
RAV4,2016,13610,Automatic,60841,Petrol,200,43.5,2
RAV4,2017,20990,Automatic,17681,Petrol,145,43.5,2
RAV4,2017,19995,Automatic,39343,Hybrid,20,57.6,2.5
RAV4,2016,23995,Automatic,16551,Hybrid,20,55.4,2.5
RAV4,2017,19995,Automatic,29655,Hybrid,140,57.6,2.5
RAV4,2017,21498,Automatic,21263,Hybrid,20,57.6,2.5
RAV4,2017,21995,Automatic,22329,Hybrid,20,57.6,2.5
RAV4,2016,14995,Manual,25801,Diesel,125,60.1,2
RAV4,2015,11795,Automatic,48125,Diesel,260,42.2,2.2
RAV4,2016,18995,Automatic,46531,Hybrid,20,57.6,2.5
RAV4,2017,20000,Automatic,25303,Hybrid,20,57.6,2.5
RAV4,2017,21795,Automatic,22726,Hybrid,20,57.6,2.5
RAV4,2017,15295,Manual,39624,Diesel,145,60.1,2
RAV4,2017,21095,Automatic,8992,Hybrid,20,57.6,2.5
RAV4,2017,19995,Automatic,31685,Hybrid,20,55.4,2.5
RAV4,2017,21500,Automatic,27751,Hybrid,20,55.4,2.5
RAV4,2018,19990,Automatic,23165,Petrol,145,43.5,2
RAV4,2015,9547,Manual,60148,Diesel,125,57.6,2
RAV4,2018,25980,Automatic,10864,Hybrid,140,55.4,2.5
RAV4,2020,33995,Automatic,1500,Hybrid,135,51.1,2.5
RAV4,2017,15995,Manual,22864,Diesel,145,60.1,2
RAV4,2016,14499,Manual,32070,Diesel,125,60.1,2
RAV4,2017,14450,Manual,61000,Diesel,150,60.1,2
RAV4,2016,20349,Automatic,8080,Hybrid,20,57.6,2.5
RAV4,2016,13900,Manual,14152,Diesel,125,60.1,2
RAV4,2016,18590,Automatic,30635,Hybrid,20,57.6,2.5
RAV4,2016,13790,Manual,37849,Diesel,125,60.1,2
RAV4,2016,14288,Manual,30100,Diesel,125,60.1,2
RAV4,2015,13499,Manual,18200,Diesel,125,57.6,2
RAV4,2017,16711,Manual,17000,Diesel,125,60.1,2
RAV4,2015,13330,Automatic,36426,Petrol,235,39.2,2
RAV4,2016,13999,Manual,31457,Diesel,125,60.1,2
RAV4,2014,12495,Manual,30726,Diesel,145,53,2
RAV4,2016,18999,Automatic,24770,Hybrid,20,57.6,2.5
RAV4,2017,18562,Manual,11556,Diesel,125,60.1,2
RAV4,2017,15293,Manual,26191,Diesel,125,60.1,2
RAV4,2019,33626,Automatic,7191,Hybrid,135,49.6,2.5
RAV4,2015,12711,Manual,56203,Diesel,150,53,2
RAV4,2013,10311,Manual,57299,Diesel,165,49.6,2.2
RAV4,2016,20298,Automatic,18078,Hybrid,20,57.6,2.5
RAV4,2017,17235,Automatic,65452,Hybrid,20,57.6,2.5
RAV4,2017,21508,Automatic,17807,Hybrid,20,57.6,2.5
RAV4,2017,21766,Automatic,15507,Hybrid,20,57.6,2.5
RAV4,2015,12232,Manual,46000,Diesel,150,53,2
RAV4,2018,25991,Automatic,13000,Hybrid,140,55.4,2.5
RAV4,2017,21322,Automatic,19849,Hybrid,20,57.6,2.5
RAV4,2016,21192,Automatic,24281,Hybrid,20,55.4,2.5
RAV4,2019,32860,Automatic,4271,Hybrid,135,49.6,2.5
RAV4,2016,20791,Automatic,35046,Hybrid,20,55.4,2.5
RAV4,2019,33892,Automatic,7735,Hybrid,135,49.6,2.5
RAV4,2017,22362,Automatic,7408,Hybrid,20,57.6,2.5
RAV4,2016,20000,Automatic,13322,Hybrid,20,57.6,2.5
RAV4,2016,23691,Automatic,13281,Hybrid,20,55.4,2.5
RAV4,2017,15200,Manual,47026,Diesel,125,60.1,2
RAV4,2017,17995,Automatic,35509,Petrol,205,43.5,2
RAV4,2016,19991,Automatic,25252,Hybrid,20,57.6,2.5
RAV4,2017,21323,Automatic,19986,Hybrid,20,57.6,2.5
RAV4,2017,20182,Automatic,25714,Petrol,145,43.5,2
RAV4,2013,10191,Manual,54115,Diesel,160,49.6,2.2
RAV4,2017,14897,Manual,37100,Diesel,150,60.1,2
RAV4,2016,19599,Automatic,45950,Hybrid,20,55.4,2.5
RAV4,2015,14999,Automatic,33481,Diesel,260,42.2,2.2
RAV4,2017,19250,Automatic,34000,Hybrid,20,57.6,2.5
RAV4,2014,11990,Manual,34050,Diesel,150,53,2
RAV4,2015,11999,Manual,64609,Diesel,145,53,2
RAV4,2017,15999,Manual,27170,Diesel,150,60.1,2
RAV4,2017,14500,Manual,33432,Diesel,125,60.1,2
RAV4,2016,19999,Automatic,55185,Hybrid,20,57.6,2.5
RAV4,2019,29550,Automatic,8357,Hybrid,135,49.6,2.5
RAV4,2017,14695,Manual,40376,Diesel,125,60.1,2
RAV4,2017,18995,Automatic,21676,Petrol,205,43.5,2
RAV4,2016,15495,Automatic,43000,Petrol,205,43.5,2
RAV4,2018,17590,Manual,29883,Diesel,145,60.1,2
RAV4,2017,21999,Automatic,19296,Hybrid,20,57.6,2.5
RAV4,2019,30000,Automatic,6677,Hybrid,135,49.6,2.5
RAV4,2017,20750,Automatic,18750,Hybrid,20,55.4,2.5
RAV4,2017,19999,Automatic,13069,Petrol,150,43.5,2
RAV4,2014,14295,Semi-Auto,31306,Petrol,235,39.2,2
RAV4,2017,23895,Automatic,30524,Hybrid,140,55.4,2.5
RAV4,2017,20000,Automatic,18800,Hybrid,20,57.6,2.5
RAV4,2017,21000,Automatic,7700,Hybrid,20,57.6,2.5
RAV4,2017,17900,Automatic,44687,Hybrid,140,57.6,2.5
RAV4,2016,17295,Automatic,39510,Hybrid,20,57.6,2.5
RAV4,2017,15450,Manual,19200,Diesel,125,60.1,2
RAV4,2013,12495,Automatic,30524,Diesel,260,42.2,2.2
RAV4,2016,21250,Automatic,18501,Hybrid,20,57.6,2.5
RAV4,2016,22075,Automatic,38000,Hybrid,20,55.4,2.5
RAV4,2017,20795,Automatic,28128,Hybrid,20,57.6,2.5
RAV4,2016,19490,Automatic,6254,Petrol,200,43.5,2
RAV4,2016,14650,Manual,22080,Diesel,125,60.1,2
RAV4,2014,10995,Manual,41411,Diesel,125,57.6,2
RAV4,2016,19990,Automatic,26128,Hybrid,20,57.6,2.5
RAV4,2016,20790,Automatic,32196,Hybrid,20,55.4,2.5
RAV4,2017,18000,Automatic,33128,Petrol,205,43.5,2
RAV4,2016,14010,Manual,47000,Diesel,125,60.1,2
RAV4,2017,16000,Manual,38000,Diesel,145,60.1,2
RAV4,2013,10500,Manual,57962,Diesel,160,49.6,2.2
RAV4,2017,25000,Automatic,22860,Hybrid,20,55.4,2.5
RAV4,2017,14795,Manual,47362,Diesel,125,60.1,2
RAV4,2017,20870,Automatic,30096,Hybrid,135,57.6,2.5
RAV4,2017,15995,Manual,18000,Diesel,125,60.1,2
RAV4,2016,20250,Automatic,29200,Hybrid,20,57.6,2.5
RAV4,2017,15750,Manual,32804,Diesel,150,60.1,2
RAV4,2016,20995,Automatic,40006,Hybrid,20,57.6,2.5
RAV4,2013,12295,Manual,43573,Diesel,125,57.6,2
RAV4,2017,15895,Manual,42810,Diesel,125,60.1,2
RAV4,2017,17295,Manual,31057,Diesel,150,60.1,2
RAV4,2016,23995,Automatic,23750,Hybrid,20,55.4,2.5
RAV4,2017,18995,Automatic,40312,Hybrid,135,57.6,2.5
RAV4,2016,15995,Manual,37531,Diesel,125,60.1,2
RAV4,2017,22995,Automatic,31284,Hybrid,135,55.4,2.5
RAV4,2016,21995,Automatic,22531,Hybrid,20,55.4,2.5
RAV4,2015,11395,Manual,66973,Diesel,125,57.6,2
RAV4,2017,19862,Automatic,42596,Hybrid,20,57.6,2.5
RAV4,2016,21018,Automatic,57500,Hybrid,20,57.6,2.5
RAV4,2017,20112,Automatic,62734,Hybrid,20,55.4,2.5
RAV4,2016,20495,Automatic,32754,Petrol,200,43.5,2
RAV4,2019,32495,Automatic,12740,Hybrid,135,49.6,2.5
RAV4,2017,21395,Automatic,53569,Hybrid,20,55.4,2.5
RAV4,2018,22346,Automatic,10116,Petrol,145,48.7,2
RAV4,2016,21271,Automatic,27361,Hybrid,20,55.4,2.5
RAV4,2015,11804,Manual,38999,Diesel,125,57.6,2
RAV4,2016,18995,Automatic,47339,Hybrid,20,57.6,2.5
RAV4,2020,36500,Automatic,1114,Hybrid,135,49.6,2.5
RAV4,2016,16700,Automatic,63016,Hybrid,20,57.6,2.5
RAV4,2015,10500,Manual,52462,Diesel,125,57.6,2
RAV4,2016,21000,Automatic,14000,Hybrid,20,57.6,2.5
RAV4,2015,14000,Automatic,47291,Diesel,265,42.2,2.2
RAV4,2017,19000,Automatic,25981,Petrol,145,43.5,2
RAV4,2016,22000,Automatic,37713,Hybrid,20,55.4,2.5
RAV4,2016,13599,Manual,43733,Diesel,125,60.1,2
RAV4,2016,19545,Automatic,51242,Hybrid,20,55.4,2.5
RAV4,2016,16217,Automatic,24431,Petrol,200,43.5,2
RAV4,2017,20750,Automatic,25596,Hybrid,20,57.6,2.5
RAV4,2019,29903,Automatic,9000,Hybrid,140,51.1,2.5
RAV4,2013,11270,Automatic,67000,Diesel,265,42.2,2.2
RAV4,2017,21995,Automatic,32480,Hybrid,20,57.6,2.5
RAV4,2017,21692,Automatic,23237,Hybrid,135,57.6,2.5
RAV4,2017,22485,Automatic,32814,Hybrid,20,55.4,2.5
RAV4,2018,27006,Automatic,13627,Hybrid,135,55.4,2.5
RAV4,2016,20444,Automatic,16745,Hybrid,20,57.6,2.5
RAV4,2016,17750,Automatic,18863,Petrol,205,43.5,2
RAV4,2017,20999,Automatic,11500,Petrol,200,43.5,2
RAV4,2017,17995,Manual,36000,Diesel,125,60.1,2
RAV4,2017,18991,Automatic,33900,Petrol,150,43.5,2
RAV4,2013,9991,Manual,63808,Diesel,165,49.6,2.2
RAV4,2016,23490,Automatic,26895,Hybrid,20,55.4,2.5
RAV4,2019,29900,Automatic,16885,Hybrid,135,49.6,2.5
RAV4,2014,10201,Manual,58941,Diesel,150,53,2
RAV4,2013,13495,Semi-Auto,34201,Petrol,235,39.2,2
RAV4,2016,19995,Automatic,41643,Hybrid,20,57.6,2.5
RAV4,2016,19995,Automatic,31186,Hybrid,20,57.6,2.5
RAV4,2016,20595,Automatic,27816,Hybrid,20,57.6,2.5
RAV4,2016,17695,Automatic,26650,Petrol,200,43.5,2
RAV4,2016,18823,Automatic,30045,Hybrid,20,57.6,2.5
RAV4,2016,20066,Automatic,18976,Hybrid,20,57.6,2.5
RAV4,2016,18796,Automatic,40586,Hybrid,20,57.6,2.5
RAV4,2019,30999,Automatic,10768,Hybrid,140,51.1,2.5
RAV4,2017,19995,Automatic,15375,Petrol,200,43.5,2
RAV4,2016,20491,Automatic,11098,Hybrid,20,57.6,2.5
RAV4,2017,20380,Automatic,26018,Hybrid,20,57.6,2.5
RAV4,2013,8990,Manual,70400,Diesel,160,49.6,2.2
RAV4,2014,10495,Manual,52429,Diesel,150,53,2
RAV4,2016,20608,Automatic,19000,Hybrid,20,57.6,2.5
RAV4,2016,19362,Automatic,50752,Hybrid,20,57.6,2.5
RAV4,2014,10244,Manual,56822,Diesel,125,57.6,2
RAV4,2019,35955,Automatic,2984,Hybrid,135,49.6,2.5
RAV4,2017,18229,Automatic,23658,Petrol,145,43.5,2
RAV4,2010,6250,Manual,91500,Diesel,200,48.7,2.2
RAV4,2011,7500,Automatic,87200,Diesel,300,39.8,2.2
RAV4,2007,4395,Manual,73000,Diesel,235,42.8,2.2
RAV4,2019,28222,Automatic,10570,Hybrid,140,49.6,2.5
RAV4,2012,9995,Manual,42226,Diesel,200,47.1,2.2
RAV4,2005,3695,Manual,105000,Diesel,300,39.8,2
RAV4,2005,3495,Manual,99000,Diesel,300,39.8,2
RAV4,2015,13800,Automatic,31015,Diesel,260,42.2,2.2
RAV4,2014,11450,Automatic,52079,Diesel,260,42.2,2.2
RAV4,2017,15574,Manual,32837,Diesel,145,60.1,2
RAV4,2017,17995,Automatic,31250,Petrol,200,43.5,2
RAV4,2017,20000,Automatic,18278,Hybrid,20,57.6,2.5
RAV4,2015,15199,Automatic,32611,Petrol,235,39.2,2
RAV4,2016,13750,Manual,29005,Diesel,125,60.1,2
RAV4,2015,10985,Manual,60777,Diesel,150,53,2
RAV4,2013,10440,Manual,49450,Diesel,125,57.6,2
RAV4,2015,14495,Automatic,34457,Petrol,235,39.2,2
RAV4,2012,9939,Manual,31151,Diesel,200,47.1,2.2
RAV4,2017,17995,Automatic,36826,Petrol,200,43.5,2
RAV4,2016,11199,Manual,81033,Diesel,125,60.1,2
RAV4,2017,12499,Manual,53813,Diesel,125,60.1,2
RAV4,2019,32995,Automatic,9000,Hybrid,140,49.6,2.5
RAV4,2017,18995,Automatic,20136,Petrol,200,43.5,2
RAV4,2017,19695,Automatic,33728,Hybrid,135,57.6,2.5
RAV4,2015,15495,Automatic,24912,Petrol,235,39.2,2
RAV4,2017,16200,Manual,31696,Diesel,145,60.1,2
RAV4,2017,22461,Automatic,27849,Hybrid,135,55.4,2.5
RAV4,2017,17295,Manual,23340,Diesel,125,60.1,2
RAV4,2015,13700,Automatic,44095,Diesel,265,42.2,2.2
RAV4,2016,21495,Automatic,15100,Hybrid,20,57.6,2.5
RAV4,2014,11400,Manual,36933,Diesel,145,53,2
RAV4,2016,21000,Automatic,33195,Hybrid,20,55.4,2.5
RAV4,2017,14600,Manual,37393,Diesel,145,60.1,2
RAV4,2014,10985,Automatic,80933,Diesel,260,42.2,2.2
RAV4,2016,20800,Automatic,38101,Hybrid,20,55.4,2.5
RAV4,2015,12100,Manual,54520,Diesel,125,57.6,2
RAV4,2015,13000,Manual,42284,Diesel,145,53,2
RAV4,2014,9985,Manual,63388,Diesel,145,53,2
RAV4,2019,29985,Automatic,10709,Hybrid,140,49.6,2.5
RAV4,2017,16985,Automatic,50808,Hybrid,135,57.6,2.5
RAV4,2019,28985,Automatic,16709,Hybrid,140,51.1,2.5
RAV4,2016,16000,Automatic,101510,Hybrid,20,55.4,2.5
RAV4,2016,19500,Automatic,48980,Hybrid,20,55.4,2.5
RAV4,2014,13975,Automatic,27549,Diesel,260,42.2,2.2
RAV4,2016,19975,Automatic,56772,Hybrid,20,55.4,2.5
RAV4,2018,22975,Automatic,11227,Petrol,145,43.5,2
RAV4,2006,3499,Manual,71356,Diesel,300,39.8,2
RAV4,2007,4295,Manual,63742,Diesel,235,42.8,2.2
RAV4,2016,17999,Automatic,37185,Hybrid,20,57.6,2.5
RAV4,2016,12499,Manual,58056,Diesel,125,60.1,2
RAV4,2017,23499,Automatic,15236,Hybrid,20,55.4,2.5
RAV4,2019,33950,Automatic,9125,Hybrid,140,49.6,2.5
RAV4,2017,18950,Automatic,26774,Petrol,200,43.5,2
RAV4,2013,7895,Manual,101800,Diesel,160,49.6,2.2
RAV4,2016,15000,Automatic,122280,Hybrid,20,55.4,2.5
RAV4,2007,2991,Manual,120870,Diesel,235,42.8,2.2
RAV4,2016,22499,Automatic,18194,Hybrid,20,55.4,2.5
RAV4,2014,13950,Manual,30400,Diesel,160,49.6,2.2
RAV4,2019,27950,Automatic,10639,Hybrid,135,51.1,2.5
RAV4,2016,18795,Automatic,57000,Hybrid,20,55.4,2.5
RAV4,2009,4995,Manual,114321,Petrol,235,38.2,2
RAV4,2008,3995,Manual,103000,Diesel,240,42.8,2.2
RAV4,2017,20991,Automatic,41000,Hybrid,20,55.4,2.5
RAV4,2017,14950,Manual,42543,Diesel,125,60.1,2
RAV4,2019,36450,Automatic,1756,Hybrid,135,49.6,2.5
RAV4,2017,15950,Manual,28863,Diesel,125,60.1,2
RAV4,2017,19450,Automatic,15182,Petrol,145,43.5,2
RAV4,2013,12950,Manual,52574,Diesel,160,49.6,2.2
RAV4,2008,2595,Manual,98000,Diesel,240,42.8,2.2
RAV4,2017,22450,Automatic,28952,Hybrid,20,55.4,2.5
RAV4,2016,14299,Automatic,81051,Hybrid,20,57.6,2.5
RAV4,2017,15793,Manual,25447,Diesel,125,60.1,2
RAV4,2016,12990,Manual,61996,Diesel,125,60.1,2
RAV4,2012,8995,Manual,49255,Diesel,200,47.1,2.2
RAV4,2013,12495,Automatic,39555,Diesel,265,42.2,2.2
RAV4,2017,12990,Manual,61680,Diesel,125,60.1,2
RAV4,2019,32993,Automatic,6102,Hybrid,135,49.6,2.5
RAV4,2012,7095,Manual,82000,Diesel,200,47.1,2.2
RAV4,2015,13495,Automatic,58974,Diesel,265,42.2,2.2
RAV4,2015,11750,Manual,55235,Diesel,160,49.6,2
RAV4,2013,9495,Manual,55389,Diesel,125,57.6,2
RAV4,2006,4495,Manual,68000,Diesel,260,40.4,2.2
RAV4,2013,11995,Manual,35921,Diesel,165,49.6,2.2
RAV4,2011,7975,Automatic,57620,Diesel,300,39.8,2.2
RAV4,2008,5195,Automatic,61000,Petrol,330,31.4,2
RAV4,2015,11500,Manual,64928,Diesel,145,53,2
RAV4,2005,2394,Manual,113000,Petrol,325,32.1,2
RAV4,2016,18795,Automatic,57000,Hybrid,20,55.4,2.5
RAV4,2019,28795,Automatic,8639,Hybrid,140,51.1,2.5
RAV4,2012,6980,Manual,74510,Diesel,205,47.1,2.2
RAV4,2017,14400,Manual,39839,Diesel,125,60.1,2
RAV4,2017,18000,Automatic,26972,Other,205,43.5,2
RAV4,2017,20000,Automatic,4909,Other,200,43.5,2
RAV4,2013,11000,Manual,63251,Diesel,165,49.6,2.2
RAV4,2016,21500,Automatic,15297,Hybrid,20,57.6,2.5
RAV4,2017,19200,Automatic,25362,Petrol,200,43.5,2
RAV4,2016,16249,Automatic,27427,Other,200,43.5,2
RAV4,2017,22995,Automatic,1454,Hybrid,140,57.6,2.5
RAV4,2016,22990,Automatic,25632,Hybrid,20,55.4,2.5
RAV4,2002,1600,Manual,140000,Petrol,325,32.1,2
RAV4,2017,22495,Automatic,20431,Hybrid,20,57.6,2.5
RAV4,2017,22995,Automatic,28076,Hybrid,20,55.4,2.5
RAV4,2016,21990,Automatic,33390,Hybrid,20,55.4,2.5
RAV4,2016,17990,Automatic,72865,Hybrid,20,55.4,2.5
RAV4,2019,36990,Automatic,7000,Hybrid,135,49.6,2.5
RAV4,2019,32990,Automatic,5944,Hybrid,135,49.6,2.5
RAV4,2017,19990,Automatic,39392,Hybrid,135,57.6,2.5
RAV4,2016,18990,Automatic,24508,Petrol,200,43.5,2
RAV4,2008,4480,Automatic,116000,Petrol,330,31.4,2
RAV4,2015,14490,Manual,22073,Diesel,160,49.6,2.2
RAV4,2016,19400,Automatic,15632,Hybrid,20,57.6,2.5
RAV4,2017,17500,Automatic,26666,Hybrid,135,57.6,2.5
RAV4,2017,18500,Automatic,31620,Hybrid,135,57.6,2.5
RAV4,2019,30480,Automatic,7116,Hybrid,140,49.6,2.5
RAV4,2017,16900,Automatic,50732,Hybrid,20,57.6,2.5
RAV4,2017,22900,Automatic,14873,Hybrid,20,57.6,2.5
RAV4,2016,20998,Automatic,31253,Hybrid,20,57.6,2.5
RAV4,2019,30000,Automatic,8406,Hybrid,140,49.6,2.5
RAV4,2017,19999,Automatic,12502,Petrol,20,57.6,2.5
RAV4,2020,34995,Automatic,8500,Hybrid,135,49.6,2.5
RAV4,2016,19995,Automatic,12442,Petrol,200,43.5,2
RAV4,2003,3995,Manual,65456,Petrol,235,38.2,1.8
RAV4,2004,5495,Automatic,45229,Petrol,330,30.4,2
RAV4,2017,19990,Automatic,23000,Hybrid,20,57.6,2.5
RAV4,2019,30495,Automatic,10654,Hybrid,140,49.6,2.5
RAV4,2019,30495,Automatic,7984,Hybrid,140,49.6,2.5
RAV4,2017,22690,Automatic,16226,Hybrid,20,57.6,2.5
RAV4,2016,20960,Automatic,20626,Hybrid,20,57.6,2.5
RAV4,2016,18200,Automatic,55199,Hybrid,20,57.6,2.5
RAV4,2017,14995,Manual,20125,Diesel,125,60.1,2
RAV4,2014,10995,Manual,77000,Diesel,160,49.6,2.2
RAV4,2016,20995,Automatic,22105,Hybrid,20,57.6,2.5
RAV4,2016,19495,Automatic,6574,Other,200,43.5,2
RAV4,2017,19695,Automatic,22591,Petrol,205,43.5,2
RAV4,2017,18995,Automatic,28970,Hybrid,140,57.6,2.5
RAV4,2012,10490,Automatic,52000,Diesel,300,39.2,2.2
Yaris,2019,14000,Automatic,6821,Petrol,150,47.9,1.5
Yaris,2018,10750,Manual,14000,Petrol,145,58.9,1.5
Yaris,2016,11500,Automatic,31911,Hybrid,0,78,1.5
Yaris,2014,8500,Automatic,72053,Hybrid,0,76.3,1.5
Yaris,2017,8750,Manual,32594,Petrol,150,58.9,1.5
Yaris,2019,15000,Automatic,1401,Hybrid,140,76.3,1.5
Yaris,2020,14750,Manual,574,Petrol,150,47.9,1.5
Yaris,2016,12500,Automatic,23150,Hybrid,0,78,1.5
Yaris,2018,12250,Manual,6821,Petrol,145,56.5,1.5
Yaris,2019,11750,Manual,2408,Petrol,145,47.9,1.5
Yaris,2018,12000,Manual,14550,Petrol,145,56.5,1.5
Yaris,2019,13500,Manual,2157,Petrol,145,47.9,1.5
Yaris,2019,11298,Manual,9785,Petrol,145,47.9,1.5
Yaris,2018,10498,Manual,23354,Petrol,145,56.5,1.5
Yaris,2019,11995,Manual,5571,Petrol,145,47.9,1.5
Yaris,2014,4850,Manual,61170,Petrol,30,58.9,1
Yaris,2016,12695,Automatic,15945,Hybrid,0,78,1.5
Yaris,2014,10495,Automatic,29452,Hybrid,0,78,1.5
Yaris,2017,8998,Manual,22210,Petrol,30,58,1.3
Yaris,2016,8298,Manual,26633,Petrol,30,58,1.3
Yaris,2013,5998,Manual,29257,Petrol,125,52.3,1.3
Yaris,2017,8998,Manual,32009,Petrol,145,65.7,1